{"accuracy": [0.6039832234382629, 0.8636602759361267, 0.9132512807846069, 0.9394267201423645, 0.9543352723121643, 0.9654171466827393, 0.9710790514945984, 0.9754320979118347, 0.9787467122077942, 0.9804396033287048], "loss": [1.3454915285110474, 0.4369107782840729, 0.26642903685569763, 0.18833474814891815, 0.14090636372566223, 0.10764225572347641, 0.09091188758611679, 0.07404237240552902, 0.06552524119615555, 0.05947649106383324], "val_accuracy": [0.8595492839813232, 0.9161165356636047, 0.9085476994514465, 0.9150921702384949, 0.9482130408287048, 0.9611313343048096, 0.943489670753479, 0.9676758646965027, 0.9670498371124268, 0.9553266763687134], "val_loss": [0.44742265343666077, 0.2694017291069031, 0.2911011576652527, 0.2648716866970062, 0.158909410238266, 0.12631240487098694, 0.19846545159816742, 0.11043871194124222, 0.11516432464122772, 0.14885473251342773]}